Abhi2011 Abhijit Nandy <abhi2001@sf>
abhi2011 Abhijit Nandy <abhi2001@sf>
adam Adam Ross <adam@sf>
agkphysics Aaron Keesing <agkphysics@sf>
andrecastelo André Castelo <andrecastelo@sf>
anrgmrty Anurag Murty <anrgmrty@sf>
bharder Brad Harder <bharder@sf>
bhinesley Brandon Hinesley <bhinesley@sf>
bob1961 Robert Parker <bobparker@sf>
bparker Robert Parker <bobparker@sf>
brlcad Christopher Sean Morrison <morrison@sf>
butler Lee Butler <butler@sf>
caen23 Cezar Elnazli <caen23@sf>
carlmoore Carl Moore <carlmoore@sf>
cjohnson Christopher Johnson <cjohnson@cyberpaladin.com>
cnuzman Carl Nuzman <cnuzman@sf>
cprecup Cristina Precup <cprecup@sf>
crdueck Chris Dueck <crdueck@sf>
d_rossberg Daniel Rossberg <d_rossberg@sf>
davidloman David Loman <davidloman@sf>
ddreeves70 David Reeves <dreeves@sf>
dgodbey David Godbey <dgodbey@sf>
dhoward Doug Howard <dhoward@sf>
dpk Douglas Kingston <dpk@sf>
dtremenak Daniel Remenak <dtremenak@sf>
ebautu Elena Bautu <ebautu@sf>
ejno Jonathan Engbert <5529404+ejno@users.noreply.github.com>
erikg Erik Greenwald <erikg@sf>
erikgreenwald Erik Greenwald <erikg@sf>
g2asc Charles Kennedy <kermit@sf>
gabbar1947 Shubham Rathore <gabbar1947@sf>
gdurf Glenn Durfee <gdurfee@sf>
gwyn Douglas Gwyn <gwyn@sf>
hartley Robert Hartley <hartley@vt.edu>
homovulgaris Dawn Thomas <homovulgaris@sf>
iiizzzaaakkk Isacc Kamga <iiizzzaaakkk@sf>
indianlarry Keith Boman <wkboman@sf>
irpguardian Stephen Kennedy <irpguardian@sf>
jdoliner Joe Doliner <jdoliner@sf>
jehunt Jim Hunt  <jhunt@ara.com>
jgrosh John Grosh <jgrosh@sf>
jimhunt Jim Hunt  <jhunt@ara.com>
jlowens Jason Owens <jlowens@sf>
jlowenz Jason Owens <jlowens@sf>
joevalleyfield Timothy Myers <joevalleyfield@sf>
johnranderson John Anderson <jra@sf>
jordisayol Jordi Sayol <jordisayol@sf>
jra John Anderson <jra@sf>
j-schulte Johannes Schulte <j-schulte@sf>
justin Justin Shumaker <twingy@sf>
kermit Charles Kennedy <kermit@sf>
kunigami Guilherme Kunigami <kunigami@sf>
lbutler Lee Butler <butler@sf>
louipc Loui Chang <louipc@sf>
mafm Manuel Montecelo <mafm@sf>
maths22 Jacob Burroughs <maths22@sf>
mccarty Cormac McCarty <mccarty@sf>
mdtwenty Marco da Silva Domingues <mdtwenty@sf>
mendesr Roger Mendes <mendesr@sf>
merritt Don Merritt <merritt@sf>
mgillich Michael Gillich <mgillich@sf>
mike Michael John Muuss <mike@BMD70>
mjgillich Michael Gillich <mgillich@sf>
mm Michael Markowski <mm@sf>
mmark Michael Markowski <mm@sf>
mohitdaga Mohit Daga <zero_level@sf>
morrison Christopher Sean Morrison <morrison@sf>
moss Gary Moss <moss@sf>
n_reed Nicholas Reed <n_reed@sf>
pacman87 Timothy Van Ruitenbeek <pacman87@sf>
peter-sa Peter Amidon <andromeda_galaxy@sf>
phil Phillip Dykstra <phil@sf>
phoenixyjll Wu Jianbang <phoenixyjll@sf>
pjt Paul Tanenbaum <pjt@sf>
poolio Ben Poole <poolio@sf>
popescuandrei Andrei-Constantin Popescu <popescuandrei@sf>
prasad_silva Prasad Prometheus Silva <prasad_silva@sf>
r_weiss Richard Weiss <r_weiss@sf>
ralith Benjamin Saunders <ralith@sf>
rbowers Ronald Bowers <rbowers@sf>
reschly Robert Reschly <bob_reschly@sf>
ronaldbowers Ronald Bowers <rbowers@sf>
root root <root@sf>
sammy Samuel Hocevar <sammy@sf>
scoates Susan Coates <scoates@sf>
sharannyn Saran Narayan <sharannyn@sf>
starseeker Clifford Yapp <starseeker@sf>
stay Paul Stay <pstay@sf>
stebich Armin Stebich <stebich@sf>
stefanmirea Stefan Mirea <stefanmirea@sf>
steveb Stephen Buckley <steveb@sf>
sue Susanne Muuss <sue@sf>
tbrowder2 Thomas Browder <tbrowder@sf>
tcs Terry Slattery <tcs@sf>
tossup tossup <tossup@sf>
tranese TraNese Christy <tranese@sf>
twingy Justin Shumaker <twingy@sf>
vasco_costa Vasco Alexandre da Silva Costa <vasco_costa@sf>
vladbogo Vlad Bogolin <vladbobo@sf>
wm William Mermagen <wm@sf>
zhaoanqing Zhao Anqing <zhaoanqing@sf>
